segment_type,segment_value,survey_cycle,telework_jobtype3_label,n_unweighted,n_weighted,proportion,proportion_se,proportion_low,proportion_upp,proportion_cv
Overall,All Workers,2019,1. 5+ days a week,512,674391.4792647868,0.16422971340883402,0.017264805440334652,0.13776193687247862,0.1946347758694428,0.1051259548712454
Overall,All Workers,2019,2. 4 days a week,70,74223.50062203813,0.018075116027032656,0.00698998345959662,0.009538350274201728,0.03399003860786796,0.3867185941790133
Overall,All Workers,2019,3. 2-3 days a week,296,365662.8866636019,0.08904725750682162,0.013830181730563074,0.06876657419507966,0.11457324408203214,0.15531283183542838
Overall,All Workers,2019,4. 1 day a week,445,360080.8682427346,0.08768790771703484,0.012680662123446023,0.06894865922431322,0.1109134916278942,0.1446112976531038
Overall,All Workers,2019,5. Less than weekly,2448,2632032.643889771,0.640960006259503,0.02289972908878843,0.6024875380384302,0.6777008591209523,0.03572723549855481
Overall,All Workers,2023,1. 5+ days a week,2080,875776.1122016667,0.22302922107832715,0.012267565760855711,0.2035007320333142,0.24385796731961934,0.05500429809844236
Overall,All Workers,2023,2. 4 days a week,515,218418.815944,0.05562355228586603,0.005988084168288311,0.04655523799857192,0.06633535338625658,0.10765375317120632
Overall,All Workers,2023,3. 2-3 days a week,1813,775841.3579825,0.19757937137483775,0.011263827511431856,0.17970230420635652,0.21676492208674605,0.05700912718293188
Overall,All Workers,2023,4. 1 day a week,540,249141.6797973333,0.06344757979241163,0.006658447047016856,0.05333652148092872,0.07532289109790094,0.10494406672093758
Overall,All Workers,2023,5. Less than weekly,2553,1807554.6314799,0.4603202756088492,0.01604311148680824,0.4340643282951219,0.48679830617413067,0.03485206352379023
employment_label,1. Employed full-time (paid),2019,1. 5+ days a week,298,422532.658021355,0.13567795460747975,0.018647272456464997,0.10781657674559712,0.1693723101334545,0.13743774742486423
employment_label,1. Employed full-time (paid),2019,2. 4 days a week,44,34929.627826701224,0.011216128333659342,0.006352944900247537,0.004401260628594436,0.028283301866017418,0.5664115736962902
employment_label,1. Employed full-time (paid),2019,3. 2-3 days a week,213,302433.05125189334,0.09711319828318164,0.016717419169179966,0.0728739085427323,0.128299236428703,0.17214363716486866
employment_label,1. Employed full-time (paid),2019,4. 1 day a week,402,286405.5891565676,0.09196667710135836,0.0141474281323443,0.0711906269020656,0.11803541605590866,0.15383211156745535
employment_label,1. Employed full-time (paid),2019,5. Less than weekly,2139,2067931.2955059519,0.6640260415678977,0.025508887924187946,0.6208586780119976,0.7046168730976532,0.038415493259807074
employment_label,2. Employed part-time (paid),2019,1. 5+ days a week,49,89914.1907529918,0.14018731531352696,0.03939389613755567,0.08695681195675183,0.2182150731612746,0.28100899178682304
employment_label,2. Employed part-time (paid),2019,2. 4 days a week,12,30895.078013262606,0.048169237878656956,0.029996713157618718,0.016957784384694065,0.1292723055234693,0.6227358886844626
employment_label,2. Employed part-time (paid),2019,3. 2-3 days a week,35,43537.10565791011,0.06787971871254073,0.03235694682284032,0.030443089960889173,0.14449228472582756,0.47668062620981955
employment_label,2. Employed part-time (paid),2019,4. 1 day a week,24,45744.81185329132,0.07132180481724336,0.033887919537970636,0.032039966534836144,0.151239337713102,0.4751410823773434
employment_label,2. Employed part-time (paid),2019,5. Less than weekly,222,431294.88030497165,0.6724419226922214,0.054359831410957134,0.5776826876222861,0.7549580875815075,0.0808394443840138
employment_label,3. Self-employed,2019,1. 5+ days a week,165,161944.6304904401,0.4616791736628827,0.08257478996493807,0.33178003201716144,0.5969989605012833,0.178857515511917
employment_label,3. Self-employed,2019,2. 4 days a week,14,8398.794782074294,0.023943669934776122,0.014761463398067061,0.008604179630958383,0.06484170345298926,0.6165079721812947
employment_label,3. Self-employed,2019,3. 2-3 days a week,48,19692.729753798452,0.05614093639515185,0.02154855407776454,0.02956718227331947,0.10403759972233238,0.38382961634436513
employment_label,3. Self-employed,2019,4. 1 day a week,19,27930.467232875642,0.07962545589218199,0.05455611853889137,0.02479365753360474,0.22743836455478486,0.6851592612890516
employment_label,3. Self-employed,2019,5. Less than weekly,87,132806.46807884745,0.37861076633026525,0.08165610540035366,0.25608691843847387,0.5188683606680902,0.2156729619493292
employment_label,1. Employed full-time (paid),2023,1. 5+ days a week,1472,661415.866827,0.22421887405373994,0.012971779556609714,0.20360328744581266,0.24627635973326753,0.057853200857215466
employment_label,1. Employed full-time (paid),2023,2. 4 days a week,431,184486.886693,0.06254074640827523,0.007362214527657918,0.05146952004160375,0.07580310532438259,0.1177186866238579
employment_label,1. Employed full-time (paid),2023,3. 2-3 days a week,1626,668746.0703095,0.226703800746288,0.013199124434752865,0.20572774290954976,0.24914770707162767,0.05822189302209564
employment_label,1. Employed full-time (paid),2023,4. 1 day a week,461,198417.68946333328,0.0672632652763599,0.007631816078637535,0.055744596787854435,0.0809580031276782,0.11346187324212144
employment_label,1. Employed full-time (paid),2023,5. Less than weekly,1962,1236800.5300050667,0.4192733136279662,0.017172406740025053,0.3913174661860061,0.4477571802798538,0.04095754769468263
employment_label,2. Employed part-time (paid),2023,1. 5+ days a week,169,112223.190564,0.14043828595413738,0.01981928592863252,0.11088451883863683,0.17630699651553977,0.141124521664305
employment_label,2. Employed part-time (paid),2023,2. 4 days a week,43,26364.142409,0.032992601249259165,0.009558096239621032,0.020417118215428534,0.05289543535984538,0.28970423300089604
employment_label,2. Employed part-time (paid),2023,3. 2-3 days a week,100,86482.631926,0.1082260496196634,0.01859567864135076,0.0812154788479204,0.1428233573978684,0.1718225760498621
employment_label,2. Employed part-time (paid),2023,4. 1 day a week,43,32181.658466,0.04027275405499245,0.010878335316774365,0.02573156751184005,0.06250413642328898,0.27011649866110465
employment_label,2. Employed part-time (paid),2023,5. Less than weekly,463,541840.9448533333,0.6780703092526917,0.029284065972038316,0.6281375744480832,0.724241692022334,0.043187359146151946
employment_label,3. Self-employed,2023,1. 5+ days a week,439,102137.05481066667,0.5745364195423965,0.0813535524391861,0.43853821202185483,0.7001190944713681,0.14159859962225216
employment_label,3. Self-employed,2023,2. 4 days a week,41,7567.7868419999995,0.04256994994708017,0.017573937642530207,0.0214068242381151,0.08288324360437942,0.4128249543252185
employment_label,3. Self-employed,2023,3. 2-3 days a week,87,20612.655747,0.11594931395354476,0.03820972338610135,0.06632512045525892,0.1949497388769352,0.3295381583836721
employment_label,3. Self-employed,2023,4. 1 day a week,36,18542.331868,0.10430342819106046,0.04751670668006904,0.04801767915259216,0.2118820931949513,0.45556227157777696
employment_label,3. Self-employed,2023,5. Less than weekly,128,28913.1566215,0.16264088993255096,0.04878616387598464,0.0972644261338046,0.2593364162817387,0.299962474973033
gender_label,1. Female,2019,1. 5+ days a week,203,226215.03878170386,0.1294231700375623,0.021421130165867074,0.09807336226396321,0.16891733797223313,0.16551232796762783
gender_label,1. Female,2019,2. 4 days a week,37,35627.45235275945,0.020383339006502917,0.011571983140395835,0.00795643927940573,0.05121734431733218,0.5677177393117003
gender_label,1. Female,2019,3. 2-3 days a week,133,126787.62101039561,0.07253830657509192,0.017067626438378156,0.04900114735896859,0.10611969111493182,0.23529121707176454
gender_label,1. Female,2019,4. 1 day a week,180,126294.51896492427,0.07225619079457386,0.017024193465755077,0.04878550941751266,0.10576310513868087,0.2356087869917649
gender_label,1. Female,2019,5. Less than weekly,1083,1232946.624987944,0.7053989935947381,0.03025555993735082,0.6533143631510115,0.7526215829035978,0.04289141352919632
gender_label,2. Male,2019,1. 5+ days a week,238,318658.7347699346,0.16670172523839663,0.025896246401253844,0.12832465258535253,0.21374165114135177,0.15534480140634518
gender_label,2. Male,2019,2. 4 days a week,25,34277.94984131705,0.01793201551581168,0.010520083153261306,0.006788101270808145,0.046513932452269695,0.5866648477961192
gender_label,2. Male,2019,3. 2-3 days a week,136,206123.01305846637,0.10783028405842833,0.022942670819636694,0.07548001648410754,0.1517695715781084,0.21276648781899807
gender_label,2. Male,2019,4. 1 day a week,204,158761.62469220164,0.08305385621226316,0.017972618184469127,0.05787887099514671,0.11780966828268677,0.21639715485980546
gender_label,2. Male,2019,5. Less than weekly,1161,1193728.9889296757,0.6244821188651829,0.035256608582042236,0.5649545692733199,0.6804712585813663,0.05645735484966488
gender_label,4. Non-binary,2019,3. 2-3 days a week,4,2053.6135518830038,0.22617449160751016,0.154832656737226,0.06384483930586275,0.5560746774571406,0.6845717023028106
gender_label,4. Non-binary,2019,4. 1 day a week,4,1277.1606082576282,0.14065993873955973,0.12857865562663312,0.027660769006093006,0.4850171273552648,0.9141099930713333
gender_label,4. Non-binary,2019,5. Less than weekly,10,5749.001093413296,0.6331655721493177,0.20786306626531542,0.283663056352259,0.8826746941208216,0.32829180139992775
gender_label,NA,2019,1. 5+ days a week,71,129517.7057131484,0.29577678196281937,0.06974954489918049,0.19492070357074284,0.421496604532023,0.23581818842003752
gender_label,NA,2019,2. 4 days a week,8,4318.098427961624,0.0098611483107687,0.00638470141570265,0.003385244341635298,0.028372643637757926,0.6474602363226141
gender_label,NA,2019,3. 2-3 days a week,23,30698.639042856925,0.07010581821932654,0.04527270282589471,0.023488559009534126,0.19113423410537075,0.6457766841014357
gender_label,NA,2019,4. 1 day a week,57,73747.56397735105,0.16841571606563066,0.05566661006857003,0.09528500798206986,0.2802852770804962,0.33053097044029467
gender_label,NA,2019,5. Less than weekly,194,199608.02887873803,0.4558405363224088,0.06952925385279088,0.3456523311564158,0.5705282670683187,0.15252977370931736
gender_label,1. Female,2023,1. 5+ days a week,1013,436587.510721,0.24071057327632098,0.018608576277459477,0.21143861975740932,0.27263390845859947,0.07730685039787584
gender_label,1. Female,2023,2. 4 days a week,234,101317.577638,0.05586099366502425,0.009791111152832372,0.04177435870257276,0.07432928469588505,0.1752763513579028
gender_label,1. Female,2023,3. 2-3 days a week,821,360868.25466416666,0.1989630996797346,0.015049226519686633,0.17535798657961976,0.22487921672363712,0.07563827937899519
gender_label,1. Female,2023,4. 1 day a week,236,108717.3331318333,0.05994081578865043,0.009301210795984982,0.04634779549938322,0.07719772413870352,0.1551732433669368
gender_label,1. Female,2023,5. Less than weekly,1225,806253.9601406667,0.4445245179538254,0.020748886086104916,0.4107052644420392,0.47886562517751174,0.04667658418845682
gender_label,2. Male,2023,1. 5+ days a week,979,405844.33858466666,0.20664241498446714,0.01527528834819764,0.18264040246821414,0.23289991203631796,0.07392135999449025
gender_label,2. Male,2023,2. 4 days a week,250,101229.068527,0.05154246886218386,0.0074907794882403305,0.04052379845709143,0.06535311308072668,0.14533218244297633
gender_label,2. Male,2023,3. 2-3 days a week,925,401628.86437183333,0.20449603596703073,0.016445926298575664,0.17876583102030247,0.23287946662357265,0.08042173639604001
gender_label,2. Male,2023,4. 1 day a week,278,125472.7598375,0.06388654870554389,0.009069749509608272,0.050493180370262014,0.08053121219464393,0.14196649675679265
gender_label,2. Male,2023,5. Less than weekly,1215,929818.3660342334,0.4734325315382194,0.022129264553753063,0.4372340781590236,0.5099124417681474,0.04674217143856454
gender_label,4. Non-binary,2023,1. 5+ days a week,26,3866.376049,0.07706631083388656,0.028401264275656465,0.04149688371263875,0.13871215124948955,0.3685302172680134
gender_label,4. Non-binary,2023,2. 4 days a week,6,3164.486724,0.0630759435738163,0.03832306126928156,0.022642646561194503,0.1636238380564959,0.6075701622193409
gender_label,4. Non-binary,2023,3. 2-3 days a week,21,5062.354022,0.10090507296880394,0.03709271822456298,0.05417765451805709,0.1802535485572394,0.36760013281027665
gender_label,4. Non-binary,2023,4. 1 day a week,9,8286.865355,0.1651774512342258,0.11030352636265234,0.05039851922939659,0.4245024858049632,0.6677880397018546
gender_label,4. Non-binary,2023,5. Less than weekly,43,29789.388883,0.593775223649565,0.11291638029184319,0.4035982106230181,0.7594530319511108,0.19016687762385368
gender_label,NA,2023,1. 5+ days a week,62,29477.886847,0.2982834222324787,0.08043619874346628,0.18427406186147088,0.44440171178203414,0.26966365794467523
gender_label,NA,2023,2. 4 days a week,25,12707.683055,0.12858761580737088,0.03671903835572384,0.07925085346938969,0.2019034140557567,0.2855565687657694
gender_label,NA,2023,3. 2-3 days a week,46,8281.8849245,0.08380346222228485,0.026272316344188227,0.049517565524588296,0.13837283063603883,0.3134991758992261
gender_label,NA,2023,4. 1 day a week,17,6664.7214730000005,0.0674395671125987,0.03392887750369157,0.028911874511775654,0.14940958387448044,0.5031004639612101
gender_label,NA,2023,5. Less than weekly,70,41692.916422,0.4218859327508933,0.09002861370251618,0.2844988744022033,0.572530099567868,0.21339562832893613
income_detailed_grouped,"1. Less than $50,000",2019,1. 5+ days a week,73,111950.14263383402,0.26620546541420664,0.06010449888181881,0.17944373537203626,0.37570928604919046,0.22578236246313824
income_detailed_grouped,"1. Less than $50,000",2019,2. 4 days a week,10,1763.0230050362516,0.004192280172553574,0.002207588963406789,0.0017608426676441302,0.009947680196200431,0.52658431033776
income_detailed_grouped,"1. Less than $50,000",2019,3. 2-3 days a week,30,32383.86539953644,0.07700536826282746,0.04622596100243564,0.027824052912223406,0.19562584954215,0.6002953046683908
income_detailed_grouped,"1. Less than $50,000",2019,4. 1 day a week,21,13352.656588630194,0.031751189236452405,0.012915165413640574,0.016164610576425563,0.06142859217374238,0.40676162764993806
income_detailed_grouped,"1. Less than $50,000",2019,5. Less than weekly,206,261090.67378006433,0.6208456969627092,0.06815072877448952,0.5042199658656739,0.7249995657506579,0.10977079990711922
income_detailed_grouped,"2. $50,000-$99,999",2019,1. 5+ days a week,111,88682.10279544612,0.11880292142384148,0.03049151813142333,0.07706262282457914,0.17877228432743386,0.2566562990706411
income_detailed_grouped,"2. $50,000-$99,999",2019,2. 4 days a week,12,2718.166854386581,0.0036413906661208516,0.002254305220551362,0.001313346960647982,0.010054586482943014,0.6190781015410406
income_detailed_grouped,"2. $50,000-$99,999",2019,3. 2-3 days a week,47,66596.81331880171,0.08921637726734387,0.03692006507790738,0.04433307019118842,0.17139071410808807,0.41382609570968687
income_detailed_grouped,"2. $50,000-$99,999",2019,4. 1 day a week,59,57214.15480689136,0.07664690494796392,0.02303335330600829,0.04634499581056832,0.1241813207731927,0.300512503690081
income_detailed_grouped,"2. $50,000-$99,999",2019,5. Less than weekly,482,531252.7563770877,0.7116924063039547,0.047813350986677834,0.6272149993227849,0.7836301899818316,0.06718260664742483
income_detailed_grouped,"3. $100,000-$199,999",2019,1. 5+ days a week,161,242160.19065172164,0.1803727416875816,0.03236122967627098,0.13308955853564577,0.23980753991256662,0.17941308300520778
income_detailed_grouped,"3. $100,000-$199,999",2019,2. 4 days a week,28,39343.93209681986,0.029305282942329158,0.015028691807975399,0.012501396655872937,0.06716013465637831,0.5128321687782664
income_detailed_grouped,"3. $100,000-$199,999",2019,3. 2-3 days a week,104,92366.83354889018,0.06879933175750624,0.016864168791933178,0.04572517645930688,0.10226945892427555,0.24512111325984265
income_detailed_grouped,"3. $100,000-$199,999",2019,4. 1 day a week,164,81401.29584145681,0.060631662381211905,0.015404194193428993,0.03972250653127813,0.09149828856555589,0.2540618810115675
income_detailed_grouped,"3. $100,000-$199,999",2019,5. Less than weekly,889,887281.9962926188,0.6608909824855219,0.03666177009498292,0.5982468012156322,0.7183656495138354,0.05547324909337232
income_detailed_grouped,"4. $200,000 or more",2019,1. 5+ days a week,111,162282.81117836197,0.15171668808262745,0.03428126063325504,0.10345774356080689,0.21703703287927095,0.2259557670714832
income_detailed_grouped,"4. $200,000 or more",2019,2. 4 days a week,13,28810.238361463096,0.026934423666090036,0.018505452377158463,0.008589785537794884,0.08124591042175154,0.6870558140234684
income_detailed_grouped,"4. $200,000 or more",2019,3. 2-3 days a week,82,132928.8502569922,0.12427394352558713,0.03312917157153902,0.07919531971680283,0.18972482137370245,0.26658180010774313
income_detailed_grouped,"4. $200,000 or more",2019,4. 1 day a week,157,111814.69670237838,0.10453451920562201,0.022968956920229145,0.07232735750421829,0.1487832572977927,0.21972604929715736
income_detailed_grouped,"4. $200,000 or more",2019,5. Less than weekly,643,633807.1798701796,0.592540426887076,0.04905637333902777,0.510056658865884,0.6701188619724017,0.0827899179752958
income_detailed_grouped,999. Prefer not to answer,2019,1. 5+ days a week,56,69316.23200542311,0.13148269828470055,0.04519963902717104,0.07316684925184541,0.22499464272947037,0.34376872103202427
income_detailed_grouped,999. Prefer not to answer,2019,2. 4 days a week,7,1588.1403043323367,0.003012468601177853,0.0016390646957901627,0.0012297300564590398,0.007360595195519839,0.5440935368253467
income_detailed_grouped,999. Prefer not to answer,2019,3. 2-3 days a week,33,41386.52413938136,0.07850414988221151,0.03146492270306067,0.039988534422262204,0.1483828748112075,0.4008058523055277
income_detailed_grouped,999. Prefer not to answer,2019,4. 1 day a week,44,96298.06430337783,0.18266326613382639,0.06403846711224787,0.09939088742085382,0.3115671964537222,0.3505820763400274
income_detailed_grouped,999. Prefer not to answer,2019,5. Less than weekly,228,318600.03756982036,0.6043374164428442,0.0696402932029579,0.4861206380919601,0.7114985973018517,0.11523412469289696
income_detailed_grouped,"1. Less than $50,000",2023,1. 5+ days a week,152,92848.2386925,0.18529603559120872,0.05157218440577128,0.11477669049365309,0.2851843980632444,0.27832319370041664
income_detailed_grouped,"1. Less than $50,000",2023,2. 4 days a week,39,18638.030562,0.03719567796969891,0.01093767050176581,0.022841330439104156,0.06001677980185216,0.2940575652546534
income_detailed_grouped,"1. Less than $50,000",2023,3. 2-3 days a week,73,47460.618874499996,0.094716546570981,0.022442520929931025,0.06368998402983328,0.13861998997083133,0.23694403715524512
income_detailed_grouped,"1. Less than $50,000",2023,4. 1 day a week,48,41212.778881,0.08224781266681014,0.020882537414661072,0.05379444521612189,0.12378214804293633,0.2538977844828195
income_detailed_grouped,"1. Less than $50,000",2023,5. Less than weekly,329,300920.87902683334,0.6005439263435569,0.05481713314538306,0.5079567626795176,0.6864628441076555,0.09127914002750813
income_detailed_grouped,"2. $50,000-$99,999",2023,1. 5+ days a week,282,106781.697588,0.16409774980565786,0.02164330500819048,0.13151727806386546,0.20286402694481814,0.1318927592475997
income_detailed_grouped,"2. $50,000-$99,999",2023,2. 4 days a week,63,29106.651162,0.04472991222204256,0.020632834605806852,0.02072051428788021,0.09389224192222609,0.4612759914078067
income_detailed_grouped,"2. $50,000-$99,999",2023,3. 2-3 days a week,226,122306.23698666667,0.18795522762364503,0.03466710992285908,0.13740723394006535,0.25167294466542506,0.18444344624601391
income_detailed_grouped,"2. $50,000-$99,999",2023,4. 1 day a week,81,22741.253041,0.034947829166117654,0.009633717663629108,0.02213492848761123,0.05476217955680419,0.2756599735519228
income_detailed_grouped,"2. $50,000-$99,999",2023,5. Less than weekly,551,369784.2211696333,0.5682692818776497,0.038072177237830414,0.5048787380960965,0.6294996957436887,0.06699671872467582
income_detailed_grouped,"3. $100,000-$199,999",2023,1. 5+ days a week,622,182197.53921516667,0.19016694729945255,0.01967732647952084,0.1598809965133062,0.2246557770066779,0.10347395674672792
income_detailed_grouped,"3. $100,000-$199,999",2023,2. 4 days a week,169,44574.238876,0.04652393757689629,0.008214766504824384,0.0347306882704889,0.06206425364471384,0.17657074900951253
income_detailed_grouped,"3. $100,000-$199,999",2023,3. 2-3 days a week,565,184379.450024,0.19244429594586723,0.01999139407170374,0.16167520984066555,0.22748020069008293,0.10388145813023801
income_detailed_grouped,"3. $100,000-$199,999",2023,4. 1 day a week,152,51713.6248783333,0.0539756037278482,0.013179391889299404,0.035973909804957016,0.08023576696521091,0.24417312598765098
income_detailed_grouped,"3. $100,000-$199,999",2023,5. Less than weekly,804,495227.7167451,0.5168892154963846,0.026143561303516003,0.47386355930636676,0.559665911438002,0.05057865499942679
income_detailed_grouped,"4. $200,000 or more",2023,1. 5+ days a week,763,365579.907341,0.2840059689736593,0.02193336186097091,0.24934434696365784,0.32142277404041264,0.07722852424628147
income_detailed_grouped,"4. $200,000 or more",2023,2. 4 days a week,174,94422.765043,0.07335367441270532,0.011399025376199579,0.05667117466237721,0.09445533598143442,0.15539815104647567
income_detailed_grouped,"4. $200,000 or more",2023,3. 2-3 days a week,752,324562.573692,0.25214106787276624,0.019902442529491516,0.22082726964383848,0.2862638657127576,0.07893375996779134
income_detailed_grouped,"4. $200,000 or more",2023,4. 1 day a week,203,99799.7011385,0.07753082311759647,0.012614947918133338,0.05915961205283292,0.10099456738386318,0.1627088093595931
income_detailed_grouped,"4. $200,000 or more",2023,5. Less than weekly,618,402861.1934215,0.3129684691895396,0.0280179356348095,0.26881726162862524,0.3607930158138132,0.08952318969180666
income_detailed_grouped,999. Prefer not to answer,2023,1. 5+ days a week,261,128368.729365,0.2423820060334984,0.03137583603725903,0.1945462382751337,0.29763347279409624,0.12944787672449057
income_detailed_grouped,999. Prefer not to answer,2023,2. 4 days a week,70,31677.130301,0.05981181257086077,0.014445740097126257,0.040022872705273084,0.08848335442519578,0.24151985161813938
income_detailed_grouped,999. Prefer not to answer,2023,3. 2-3 days a week,197,97132.47840533333,0.1834026495176455,0.0303416527648265,0.13862786071484948,0.2386326340462646,0.16543737423982674
income_detailed_grouped,999. Prefer not to answer,2023,4. 1 day a week,56,33674.3218585,0.06358285160668777,0.019430883659307143,0.03817798012412066,0.10406389844327824,0.3055994370856963
income_detailed_grouped,999. Prefer not to answer,2023,5. Less than weekly,251,238760.62111683332,0.45082068305571066,0.044278549310835566,0.37952641871489784,0.5241931219866053,0.09821765277207523
home_county_grouped_label,Alameda,2019,1. 5+ days a week,94,116686.69083940364,0.12953629138400843,0.0300067330662528,0.08763673195604299,0.1873545715010009,0.23164730706469186
home_county_grouped_label,Alameda,2019,2. 4 days a week,15,27856.888452532825,0.03092450384604494,0.021852222747817625,0.009524533576433843,0.09575797418778657,0.7066313127158673
home_county_grouped_label,Alameda,2019,3. 2-3 days a week,68,87183.16539020173,0.0967838219982382,0.027447156818903026,0.060087328855803826,0.15226106325781988,0.28359240472444514
home_county_grouped_label,Alameda,2019,4. 1 day a week,84,53400.499653318635,0.05928099112537097,0.016246017324106153,0.037558060449908295,0.09236234690761756,0.2740510409103672
home_county_grouped_label,Alameda,2019,5. Less than weekly,438,615675.8402109707,0.6834743916422704,0.04385587566150807,0.6073783719172081,0.7508712755514955,0.0641660846372459
home_county_grouped_label,Contra Costa,2019,1. 5+ days a week,24,101359.85802695254,0.1839394248365034,0.055317401022706075,0.10947534348279583,0.2924214113435288,0.3007370555381238
home_county_grouped_label,Contra Costa,2019,2. 4 days a week,2,24551.90014901945,0.044554742456456256,0.03425538773863523,0.012258573429877082,0.1490942957685837,0.768838194320466
home_county_grouped_label,Contra Costa,2019,3. 2-3 days a week,13,57924.552527860185,0.10511665101742075,0.043772599901792435,0.051803310911246216,0.2016300568204104,0.4164192778034576
home_county_grouped_label,Contra Costa,2019,4. 1 day a week,19,60512.12280249999,0.10981235792704976,0.042860409540472884,0.056576263306454246,0.2023949773878091,0.39030588496192564
home_county_grouped_label,Contra Costa,2019,5. Less than weekly,90,306701.7756395227,0.5565768246667825,0.06370552563890634,0.45082329827849676,0.6574398655714087,0.11445953696876665
home_county_grouped_label,"Marin, Napa, Sonoma, Solano",2019,1. 5+ days a week,49,128699.6046122183,0.1975423682901257,0.04587305198117279,0.13264515584904557,0.28380169813484457,0.23221880135505993
home_county_grouped_label,"Marin, Napa, Sonoma, Solano",2019,2. 4 days a week,4,6060.931923508849,0.009302987864107272,0.006180444091852574,0.003106310562832323,0.027519964543326513,0.6643504411843774
home_county_grouped_label,"Marin, Napa, Sonoma, Solano",2019,3. 2-3 days a week,24,75754.76622426411,0.11627678249855333,0.04162838675879921,0.06329288632179587,0.20395711639011926,0.35801116838881514
home_county_grouped_label,"Marin, Napa, Sonoma, Solano",2019,4. 1 day a week,13,31262.696085114672,0.04798543897915915,0.019395341892519444,0.024456400126796597,0.09201614634385702,0.40419223633534235
home_county_grouped_label,"Marin, Napa, Sonoma, Solano",2019,5. Less than weekly,159,409725.80628654954,0.6288924221542694,0.05498260662751164,0.5349239756671935,0.7140248197881887,0.08742768189059881
home_county_grouped_label,San Francisco,2019,1. 5+ days a week,212,87871.10658660237,0.16115565473739787,0.04121629797548205,0.10421869961085611,0.2408355274613773,0.25575458734379347
home_county_grouped_label,San Francisco,2019,2. 4 days a week,38,9624.149075017895,0.017650694312333636,0.0051530547372098945,0.010899706319337971,0.028462739484369105,0.29194629095180324
home_county_grouped_label,San Francisco,2019,3. 2-3 days a week,144,43767.87617463569,0.08027030722792278,0.01622019731881902,0.057318715251784266,0.11132685243647458,0.20206970521195006
home_county_grouped_label,San Francisco,2019,4. 1 day a week,236,67863.47946980731,0.12446165609013982,0.02050632859804573,0.09445575298712626,0.16229125543688136,0.16476021002961966
home_county_grouped_label,San Francisco,2019,5. Less than weekly,1190,336129.50750241725,0.616461688200255,0.04087806676432323,0.5473934590451461,0.6811297765184295,0.06631079845961839
home_county_grouped_label,San Mateo,2019,1. 5+ days a week,42,73399.13169756402,0.1605932599941972,0.049432694002057465,0.09474255655486129,0.25911277946426253,0.3078130053767116
home_county_grouped_label,San Mateo,2019,3. 2-3 days a week,16,28583.04356041296,0.06253812599363871,0.02512161851619972,0.031913571096912716,0.11893970472282538,0.40170085235293196
home_county_grouped_label,San Mateo,2019,4. 1 day a week,31,44367.99259858992,0.09707472562695388,0.043851310879989405,0.045081527739587554,0.19668173650056775,0.45172737390476436
home_county_grouped_label,San Mateo,2019,5. Less than weekly,144,310699.7214121489,0.679793888385514,0.06733049099171211,0.5606965289822747,0.7793117625039502,0.09904544913108825
home_county_grouped_label,Santa Clara,2019,1. 5+ days a week,91,166375.087502046,0.1662540094052086,0.037657208090009435,0.11311439009952379,0.2376679696358549,0.2265040598102392
home_county_grouped_label,Santa Clara,2019,2. 4 days a week,11,6129.631021959109,0.006125170233323633,0.0028873943663399056,0.002816483990951484,0.013269039936095144,0.47139822345364446
home_county_grouped_label,Santa Clara,2019,3. 2-3 days a week,31,72449.48278622724,0.0723967582702389,0.032610961504801375,0.03391897648882656,0.14784398243802196,0.450447814017761
home_county_grouped_label,Santa Clara,2019,4. 1 day a week,62,102674.07763340406,0.10259935743113498,0.03475004453556941,0.05789230403018437,0.17540332640080072,0.33869651239184173
home_county_grouped_label,Santa Clara,2019,5. Less than weekly,427,653099.9928381618,0.652624704681638,0.05595663191101926,0.5559060856976659,0.7381991794739426,0.085740903630542
home_county_grouped_label,Alameda,2023,1. 5+ days a week,500,204859.039868,0.25014912359308233,0.023020489492560227,0.21421444790477553,0.2898880278372806,0.09202706434425757
home_county_grouped_label,Alameda,2023,2. 4 days a week,142,50869.423463,0.06211559764884279,0.014102960065427021,0.042579963176199685,0.08977373673828537,0.2270437796502431
home_county_grouped_label,Alameda,2023,3. 2-3 days a week,468,151054.977697,0.1844500994649002,0.01824495501945583,0.15630216289892887,0.21636713677018804,0.09891539810705138
home_county_grouped_label,Alameda,2023,4. 1 day a week,136,61359.463139,0.07492476746977865,0.013385254963266136,0.055667834270591104,0.1001367876518752,0.17864926933093464
home_county_grouped_label,Alameda,2023,5. Less than weekly,591,350804.75774933334,0.428360411858865,0.02829369446080017,0.38257777115096125,0.47540327151042433,0.06605114216325457
home_county_grouped_label,Contra Costa,2023,1. 5+ days a week,259,136931.451203,0.2301395582788873,0.045536133292476806,0.16378736319082227,0.31330075736462815,0.19786312980272297
home_county_grouped_label,Contra Costa,2023,2. 4 days a week,58,20942.268804,0.03519749808948294,0.0123746812280089,0.019639011268480625,0.06229852267924816,0.35157843311898557
home_county_grouped_label,Contra Costa,2023,3. 2-3 days a week,135,73302.65792566667,0.12319917131873365,0.02866665652251012,0.08324636621248538,0.17859130834770293,0.23268546545938554
home_county_grouped_label,Contra Costa,2023,4. 1 day a week,56,43478.6644358333,0.07307423197270632,0.025580611791765042,0.040634341873356815,0.12795787282253743,0.3500633684568804
home_county_grouped_label,Contra Costa,2023,5. Less than weekly,311,320338.0662785,0.5383895402491967,0.04872545907927132,0.45793501445455137,0.6168928336034649,0.09050223943191478
home_county_grouped_label,"Marin, Napa, Sonoma, Solano",2023,1. 5+ days a week,231,125602.401205,0.19807211465473887,0.02556106299725904,0.15934480956104394,0.2434855746835462,0.12904927602663677
home_county_grouped_label,"Marin, Napa, Sonoma, Solano",2023,2. 4 days a week,50,32760.397545,0.05166239922201194,0.014028666021819321,0.03289414654133705,0.08025056868000852,0.27154499661413495
home_county_grouped_label,"Marin, Napa, Sonoma, Solano",2023,3. 2-3 days a week,122,102438.481272,0.16154314259050326,0.027949390802124118,0.1206551521813117,0.21293211046095578,0.17301502467964985
home_county_grouped_label,"Marin, Napa, Sonoma, Solano",2023,4. 1 day a week,50,21570.074162999997,0.0340155137426946,0.010128131869503405,0.02076738517531065,0.05523827504748056,0.2977503719660442
home_county_grouped_label,"Marin, Napa, Sonoma, Solano",2023,5. Less than weekly,405,351753.2494925,0.5547068311641639,0.03484941098185059,0.49690400667217577,0.6110666091027777,0.06282491763930885
home_county_grouped_label,San Francisco,2023,1. 5+ days a week,664,117733.0779855,0.25473669134883054,0.017080563624861857,0.22767062898598614,0.2838379091052143,0.06705183903590915
home_county_grouped_label,San Francisco,2023,2. 4 days a week,164,33109.031692000004,0.07163734538233497,0.011606994427782333,0.05473783568449002,0.09323968600705097,0.16202435148643152
home_county_grouped_label,San Francisco,2023,3. 2-3 days a week,626,126449.4309275,0.27359608821664594,0.01790226658357248,0.24515268569549414,0.3040104911084257,0.06543319643297181
home_county_grouped_label,San Francisco,2023,4. 1 day a week,168,35116.2445745,0.07598031148443922,0.01219051231722441,0.05820071389341581,0.09862259008322094,0.16044304213889712
home_county_grouped_label,San Francisco,2023,5. Less than weekly,678,149767.79544273333,0.3240495641095963,0.02010772067346268,0.29188752505169296,0.3579639564384869,0.06205137392705173
home_county_grouped_label,San Mateo,2023,1. 5+ days a week,112,95283.651514,0.23955830824149832,0.04154299832159308,0.17795823025452037,0.3143278954815963,0.1734149761974177
home_county_grouped_label,San Mateo,2023,2. 4 days a week,35,40057.358224999996,0.10071059256658033,0.031095173362141664,0.05985276792274828,0.16457708395266898,0.30875772418461817
home_county_grouped_label,San Mateo,2023,3. 2-3 days a week,93,75058.977865,0.18871024860849284,0.032788486994168774,0.1405510880427664,0.24859781266359265,0.17375043081095884
home_county_grouped_label,San Mateo,2023,4. 1 day a week,34,11896.292206,0.02990917730268977,0.01266468732417995,0.014813871042678917,0.05945822769837584,0.42343817069956646
home_county_grouped_label,San Mateo,2023,5. Less than weekly,142,175450.945995,0.4411116774986884,0.05914149043273774,0.3472197945744685,0.5394128894690897,0.13407373563107178
home_county_grouped_label,Santa Clara,2023,1. 5+ days a week,314,195366.49042616665,0.1917718393083958,0.02405966716843493,0.15526463874543792,0.23448023317571706,0.12545985508197394
home_county_grouped_label,Santa Clara,2023,2. 4 days a week,66,40680.336215,0.03993183725804317,0.009142918896764347,0.027327703578645744,0.05800261253138146,0.22896314130707215
home_county_grouped_label,Santa Clara,2023,3. 2-3 days a week,369,247536.83229533333,0.24298227164388206,0.028669757088856284,0.19896162832092673,0.29317788069377215,0.11799114764584574
home_county_grouped_label,Santa Clara,2023,4. 1 day a week,96,75720.941279,0.07432771174377274,0.014626000522834123,0.053568780371878226,0.10226192096859325,0.1967772204968964
home_county_grouped_label,Santa Clara,2023,5. Less than weekly,426,459439.81652183336,0.45098634061064624,0.03737543221019047,0.39054867043102587,0.5129056218344468,0.08287486525552691
education_grouped_label,1. High school or less,2019,1. 5+ days a week,14,34314.00674413572,0.19344266693334689,0.08666832114363746,0.08773725430105621,0.3742548551823611,0.4480310498071251
education_grouped_label,1. High school or less,2019,2. 4 days a week,1,323.138170684576,0.0018216674605020927,0.0018745330026067237,3.346693174996595e-4,0.009850570846614063,1.0290204130286544
education_grouped_label,1. High school or less,2019,3. 2-3 days a week,3,947.9439983343315,0.005343963953513504,0.004291684770230435,0.0014214856479290662,0.019874787522427214,0.8030901419925885
education_grouped_label,1. High school or less,2019,4. 1 day a week,5,2192.7921519354354,0.012361703052177169,0.010739365700989408,0.002936095498018286,0.050512939021310904,0.8687610158292848
education_grouped_label,1. High school or less,2019,5. Less than weekly,42,139608.0456702936,0.7870299985899555,0.08806187593018935,0.6089361790689221,0.8976505031402537,0.11189138417590332
education_grouped_label,2. Some college or associate degree,2019,1. 5+ days a week,55,108211.72003154451,0.14349964726796546,0.037351971225095454,0.09225137897222743,0.21642986199227926,0.26029312222172846
education_grouped_label,2. Some college or associate degree,2019,2. 4 days a week,7,24494.767764050266,0.032482530847058294,0.02618620866322039,0.00845327662848814,0.11677302142446794,0.8061628198404954
education_grouped_label,2. Some college or associate degree,2019,3. 2-3 days a week,28,61520.6932609817,0.0815826398450383,0.028542420004260084,0.04531748519808884,0.1425359535818024,0.34985899032532936
education_grouped_label,2. Some college or associate degree,2019,4. 1 day a week,24,25494.08261384116,0.03380772305739381,0.01327153249180862,0.017618347486830038,0.06390567199290466,0.3925591933321908
education_grouped_label,2. Some college or associate degree,2019,5. Less than weekly,289,534369.2312907754,0.7086274589872332,0.049140291785585724,0.6218050157945835,0.7824902693746946,0.06934573471908184
education_grouped_label,3. Bachelor's degree or higher,2019,1. 5+ days a week,372,398930.861263771,0.14522299633498906,0.019484984479864614,0.1160082102890265,0.1802945007393974,0.1341728580983013
education_grouped_label,3. Bachelor's degree or higher,2019,2. 4 days a week,57,45280.125008092684,0.016483346030253632,0.007542574015085226,0.007735707832676909,0.03477623991780946,0.4575875554175433
education_grouped_label,3. Bachelor's degree or higher,2019,3. 2-3 days a week,245,269610.61666360934,0.09814648519036992,0.017606492449372256,0.07274914581030888,0.13115612730776965,0.1793899436665695
education_grouped_label,3. Bachelor's degree or higher,2019,4. 1 day a week,367,284374.16763744975,0.10352086726269931,0.017241333224479443,0.07839784702280056,0.13551091889891567,0.16654935068044827
education_grouped_label,3. Bachelor's degree or higher,2019,5. Less than weekly,1933,1748826.8865244463,0.6366263059323174,0.0284324378246102,0.5886933313839161,0.6819907975346575,0.04466111054423343
education_grouped_label,NA,2019,1. 5+ days a week,71,132934.8912253356,0.3106737168675355,0.07058042419673098,0.20765295045932183,0.43663953502666125,0.22718505095435845
education_grouped_label,NA,2019,2. 4 days a week,5,4125.469679210604,0.009641374262162834,0.006513010108138867,0.0031598034373538854,0.029031113597108704,0.6755271531879952
education_grouped_label,NA,2019,3. 2-3 days a week,20,33583.63274067652,0.07848618156809586,0.046625117213301676,0.02864918997656473,0.1973994396226194,0.5940551098520315
education_grouped_label,NA,2019,4. 1 day a week,49,48019.82583950826,0.11222409436198495,0.04002111341919403,0.06128223895240214,0.19664154966421582,0.35661783369000727
education_grouped_label,NA,2019,5. Less than weekly,184,209228.4804042556,0.48897463323957524,0.0705599676075756,0.37551567281665443,0.60358106552743,0.14430189791257422
education_grouped_label,1. High school or less,2023,1. 5+ days a week,40,27658.842966,0.07454448568038388,0.023722642400493647,0.04374858369362141,0.12420285251977228,0.31823470487416855
education_grouped_label,1. High school or less,2023,2. 4 days a week,10,7661.2489829999995,0.02064814735052839,0.01093660604717438,0.008586435636501931,0.04881909711764922,0.5296652460635657
education_grouped_label,1. High school or less,2023,3. 2-3 days a week,30,47050.483412,0.1268076937012836,0.0336546854136932,0.08095248933036006,0.1931777230470305,0.26539939676666896
education_grouped_label,1. High school or less,2023,4. 1 day a week,8,6572.444676,0.017713666064700085,0.009543651421208037,0.007261906176670045,0.04256325632041918,0.5387733621233095
education_grouped_label,1. High school or less,2023,5. Less than weekly,186,282095.061634,0.7602860072032549,0.04248060764654755,0.6836965833523665,0.8231278017086531,0.05587450938734794
education_grouped_label,2. Some college or associate degree,2023,1. 5+ days a week,174,91240.03740649999,0.13972448860943246,0.023831065123854557,0.10491939041390488,0.18370585853979468,0.170557540492911
education_grouped_label,2. Some college or associate degree,2023,2. 4 days a week,35,12277.672150999999,0.01880195916609506,0.006686887243254235,0.010445593302881258,0.03361623382248589,0.3556484291973399
education_grouped_label,2. Some college or associate degree,2023,3. 2-3 days a week,113,69492.889833,0.10642102679295895,0.018927386488294708,0.07905550038522735,0.14180074363075063,0.1778538232403804
education_grouped_label,2. Some college or associate degree,2023,4. 1 day a week,51,29881.045066,0.04575966699923007,0.013140798766457261,0.02839965369439793,0.07293484233458895,0.28716989497931356
education_grouped_label,2. Some college or associate degree,2023,5. Less than weekly,529,450107.97345173336,0.6892928588431573,0.03159218212489108,0.6350992960878078,0.7387486505130234,0.04583274252675757
education_grouped_label,3. Bachelor's degree or higher,2023,1. 5+ days a week,1769,684071.3473501666,0.2594911176999302,0.013793321227364326,0.23745227198992197,0.28281682554765214,0.053155273096147426
education_grouped_label,3. Bachelor's degree or higher,2023,2. 4 days a week,441,189062.543403,0.07171773951802121,0.008358051258523154,0.059126924974669044,0.0867425260486447,0.11654091881162743
education_grouped_label,3. Bachelor's degree or higher,2023,3. 2-3 days a week,1599,624092.9950485,0.2367393247282118,0.01392929292152394,0.2145942637116143,0.2604119368859303,0.05883810362944746
education_grouped_label,3. Bachelor's degree or higher,2023,4. 1 day a week,457,185358.5104563333,0.07031267606518889,0.008029317822867097,0.05819732962374762,0.08472327123911895,0.11419445642237948
education_grouped_label,3. Bachelor's degree or higher,2023,5. Less than weekly,1728,953617.9290781666,0.3617391420234027,0.016852575137297866,0.33450114640779244,0.38989565974982526,0.046587646122651524
education_grouped_label,NA,2023,1. 5+ days a week,97,72805.884479,0.2732014517334925,0.0821372144324182,0.15990704968892466,0.4260562631748748,0.3006470643228606
education_grouped_label,NA,2023,2. 4 days a week,29,9417.351407,0.035338271090934736,0.012820442427937128,0.019350909237047003,0.06367643015639289,0.3627920108187164
education_grouped_label,NA,2023,3. 2-3 days a week,71,35204.989689,0.1321054521954459,0.033674013602164175,0.08583242324175665,0.19792365855800312,0.2549025270534976
education_grouped_label,NA,2023,4. 1 day a week,24,27329.679599,0.10255363595193498,0.03835216241270236,0.054440940063386435,0.18487298429650567,0.37397174714192793
education_grouped_label,NA,2023,5. Less than weekly,110,121733.667316,0.4568011895406862,0.07111506430241932,0.34418701225172954,0.5740113020486923,0.15568055848086898
industry_label,NA,2019,1. 5+ days a week,512,674391.4792647868,0.16422971340883402,0.017264805440334652,0.13776193687247862,0.1946347758694428,0.1051259548712454
industry_label,NA,2019,2. 4 days a week,70,74223.50062203813,0.018075116027032656,0.00698998345959662,0.009538350274201728,0.03399003860786796,0.3867185941790133
industry_label,NA,2019,3. 2-3 days a week,296,365662.8866636019,0.08904725750682162,0.013830181730563074,0.06876657419507966,0.11457324408203214,0.15531283183542838
industry_label,NA,2019,4. 1 day a week,445,360080.8682427346,0.08768790771703484,0.012680662123446023,0.06894865922431322,0.1109134916278942,0.1446112976531038
industry_label,NA,2019,5. Less than weekly,2448,2632032.643889771,0.640960006259503,0.02289972908878843,0.6024875380384302,0.6777008591209523,0.03572723549855481
industry_label,"1. Agriculture, Forestry, Fishing, and Hunting",2023,1. 5+ days a week,9,711.720238,0.026401707734594132,0.012882823505173502,0.01175056286714453,0.05824394180795838,0.48795417458140977
industry_label,"1. Agriculture, Forestry, Fishing, and Hunting",2023,2. 4 days a week,2,1643.50782,0.06096695134747259,0.058475037618827,0.01195304454994939,0.25840152704624353,0.9591268109431407
industry_label,"1. Agriculture, Forestry, Fishing, and Hunting",2023,3. 2-3 days a week,7,1228.049985,0.04555528290510698,0.02746459180780329,0.016605114863797003,0.11887716913611046,0.6028848918579401
industry_label,"1. Agriculture, Forestry, Fishing, and Hunting",2023,4. 1 day a week,1,68.89512,0.00255570760199664,0.0026991928766061627,4.4870317629660557e-4,0.01441403211211852,1.0561430714912086
industry_label,"1. Agriculture, Forestry, Fishing, and Hunting",2023,5. Less than weekly,21,23305.182973,0.8645203504164034,0.07174366885115072,0.6996665221007135,0.9458843267539147,0.08298667442194366
industry_label,10. Finance and Insurance,2023,1. 5+ days a week,168,83037.243693,0.35442434294139297,0.08897988188695027,0.2245451722053922,0.5100181140733819,0.2510546571053779
industry_label,10. Finance and Insurance,2023,2. 4 days a week,25,15921.032049,0.06795506647394207,0.03995112824574008,0.025180930234259945,0.17066752866072257,0.5879050719648646
industry_label,10. Finance and Insurance,2023,3. 2-3 days a week,124,67336.24543933333,0.28740843838381375,0.07758069162431036,0.17782630598486635,0.4292617710341851,0.26993185050714064
industry_label,10. Finance and Insurance,2023,4. 1 day a week,33,21127.828236999998,0.09017901253295027,0.03186478047782279,0.049720681165794485,0.15808219311376168,0.3533502927433343
industry_label,10. Finance and Insurance,2023,5. Less than weekly,59,46865.293028,0.200033141070491,0.053203259168809566,0.12641630454231073,0.30171362155692244,0.26597222282312166
industry_label,11. Real Estate and Rental and Leasing,2023,1. 5+ days a week,48,13941.262231,0.3838421027021629,0.1009576124297978,0.23586556675878256,0.5569857605826664,0.26301859988541826
industry_label,11. Real Estate and Rental and Leasing,2023,2. 4 days a week,5,197.475185,0.0054370464381797955,0.002909057233709973,0.002251197921814757,0.013072371195159312,0.5350436614412772
industry_label,11. Real Estate and Rental and Leasing,2023,3. 2-3 days a week,19,5916.725492666667,0.1629040696308936,0.09568656556634478,0.0578086169476059,0.3816657878687744,0.5873798351578965
industry_label,11. Real Estate and Rental and Leasing,2023,4. 1 day a week,8,1733.1192179999998,0.04771763961918146,0.03352669545266128,0.014668434397280218,0.14432282087973586,0.7026059067511854
industry_label,11. Real Estate and Rental and Leasing,2023,5. Less than weekly,30,14531.7228855,0.4000991423566558,0.10404980094858668,0.24634930846239744,0.5764151845650636,0.2600600449571441
industry_label,"12. Professional, Scientific, and Technical Services",2023,1. 5+ days a week,455,172638.5182035,0.3485572566074277,0.03305192199805661,0.2963293007984728,0.40469628624446885,0.09482494302301173
industry_label,"12. Professional, Scientific, and Technical Services",2023,2. 4 days a week,100,40331.275335,0.08142886554234961,0.015940994848806088,0.05876329630851696,0.11179836539726895,0.1957658963149312
industry_label,"12. Professional, Scientific, and Technical Services",2023,3. 2-3 days a week,366,132851.016664,0.2682262706509081,0.03153768084972698,0.21960721647847914,0.3231519664342356,0.1175786427376934
industry_label,"12. Professional, Scientific, and Technical Services",2023,4. 1 day a week,101,30155.211373,0.06088338719641423,0.012208208747424622,0.04363746571598772,0.0843439557721719,0.20051789674644832
industry_label,"12. Professional, Scientific, and Technical Services",2023,5. Less than weekly,253,119318.5532215,0.24090422018957458,0.03115962222604928,0.1934059961227887,0.29578972068691756,0.12934444320456015
industry_label,13. Management of Companies and Enterprises,2023,1. 5+ days a week,26,22225.129321833334,0.8119248924147836,0.07640214922660843,0.654642178302824,0.9076795017525406,0.09410002075361582
industry_label,13. Management of Companies and Enterprises,2023,2. 4 days a week,6,544.985928,0.01990933931777612,0.010962581692442613,0.007997092251353926,0.04869472732992309,0.5506250869236347
industry_label,13. Management of Companies and Enterprises,2023,3. 2-3 days a week,15,3002.7889020000002,0.10969740697514553,0.06188884556975127,0.041635500630857435,0.2589570565580209,0.5641778349762964
industry_label,13. Management of Companies and Enterprises,2023,4. 1 day a week,3,761.86033,0.02783216050234702,0.019413294980348276,0.008717975554707928,0.08525017147873773,0.6975130435422431
industry_label,13. Management of Companies and Enterprises,2023,5. Less than weekly,4,838.616393,0.030636200797945233,0.01987324472323217,0.010402154661038313,0.08677770508529509,0.6486850263941691
industry_label,14. Administrative and Support and Waste Management and Remediation Services,2023,1. 5+ days a week,8,3475.05451,0.17164516419257378,0.10704874739839465,0.05665024554709379,0.4169069472477708,0.6236630545460256
industry_label,14. Administrative and Support and Waste Management and Remediation Services,2023,2. 4 days a week,1,277.35272,0.01369942648779619,0.01434607007665315,0.0024160360914465204,0.07378121892594994,1.0472022379501074
industry_label,14. Administrative and Support and Waste Management and Remediation Services,2023,3. 2-3 days a week,8,3870.507343,0.1911779704405399,0.1365875053507528,0.052378235274164645,0.5026789834868914,0.7144521151469918
industry_label,14. Administrative and Support and Waste Management and Remediation Services,2023,4. 1 day a week,4,8535.84174,0.4216152445364761,0.17987633426252422,0.17805629380743065,0.710390186991706,0.4266362200927538
industry_label,14. Administrative and Support and Waste Management and Remediation Services,2023,5. Less than weekly,7,4086.8155699999998,0.2018621945390269,0.13715940060317744,0.058682553232931624,0.5064361310332812,0.6794704720039086
industry_label,15. Educational Services,2023,1. 5+ days a week,147,54064.113303,0.11683521813709902,0.020437289832682524,0.08717957580355146,0.1548672515429108,0.17492405251215098
industry_label,15. Educational Services,2023,2. 4 days a week,41,20627.387797,0.0445768031339749,0.015204439070413085,0.02527816474722217,0.07743847137617904,0.3410841065635949
industry_label,15. Educational Services,2023,3. 2-3 days a week,139,54204.297469,0.1171381623740293,0.02098025917440734,0.08678463173949147,0.15629112836977954,0.17910695156217402
industry_label,15. Educational Services,2023,4. 1 day a week,57,16246.966183999999,0.0351104965231096,0.009859319588245952,0.0220475608010352,0.055474048115725566,0.28080832128809635
industry_label,15. Educational Services,2023,5. Less than weekly,423,317595.39386433334,0.6863393215527239,0.03379057169834988,0.6282818118501463,0.7390945866360867,0.04923304062180871
industry_label,16. Health Care and Social Assistance,2023,1. 5+ days a week,203,76612.541401,0.16388245881854907,0.028141505390552303,0.12266125521864184,0.21555288799390465,0.17171761757437765
industry_label,16. Health Care and Social Assistance,2023,2. 4 days a week,55,19411.779984,0.04152388350140676,0.011132441100268738,0.026617478338343853,0.06422739366024297,0.2680973011566124
industry_label,16. Health Care and Social Assistance,2023,3. 2-3 days a week,152,66796.578534,0.1428850594362581,0.026982158917546618,0.10396168705133312,0.1932385994625754,0.1888382104049411
industry_label,16. Health Care and Social Assistance,2023,4. 1 day a week,88,28986.129186,0.06200444516699923,0.013576045992521497,0.0430853542894075,0.08846304870389626,0.21895278565845644
industry_label,16. Health Care and Social Assistance,2023,5. Less than weekly,475,275677.66667693335,0.5897041532359842,0.03610023428101572,0.5292912308209016,0.6475268395709176,0.06121753439062069
industry_label,"17. Arts, Entertainment, and Recreation",2023,1. 5+ days a week,115,28593.597829,0.22805832100966267,0.04654779391496202,0.16053411316542449,0.31338186170868304,0.2041047820964613
industry_label,"17. Arts, Entertainment, and Recreation",2023,2. 4 days a week,23,11755.842067000001,0.09376286327758168,0.04543328091680252,0.04116585349100803,0.19957459043025336,0.48455517812312193
industry_label,"17. Arts, Entertainment, and Recreation",2023,3. 2-3 days a week,58,22246.982328000002,0.177438651393968,0.048523021120998336,0.11098758575363712,0.271524139035932,0.27346364920945215
industry_label,"17. Arts, Entertainment, and Recreation",2023,4. 1 day a week,15,11173.604023000002,0.08911901847229461,0.05076584766776185,0.03379070759210819,0.21489223272014202,0.5696410097194233
industry_label,"17. Arts, Entertainment, and Recreation",2023,5. Less than weekly,77,51608.419505,0.41162114592188725,0.07678959856811045,0.2934168399846772,0.5409856541735991,0.18655406635178723
industry_label,18. Accommodation and Food Services,2023,1. 5+ days a week,44,38597.962316,0.1429212304648034,0.04268369194096064,0.08592401581237874,0.22828472266622907,0.2986518644021342
industry_label,18. Accommodation and Food Services,2023,2. 4 days a week,6,4606.218989999999,0.01705599068825734,0.01283543799583504,0.004900573913276337,0.057616084017207476,0.7525471976642168
industry_label,18. Accommodation and Food Services,2023,3. 2-3 days a week,32,23744.9342555,0.08792317048549254,0.027004022693854497,0.05249047955212428,0.1436478892472493,0.3071320397654473
industry_label,18. Accommodation and Food Services,2023,4. 1 day a week,9,2637.7329139999997,0.009767044970405609,0.005415290075416903,0.003911176375340758,0.024177593732459254,0.5544450846520486
industry_label,18. Accommodation and Food Services,2023,5. Less than weekly,159,200477.73318583332,0.7423325633270434,0.050698563921196815,0.6506969127906456,0.8167005297185461,0.06829629525339974
industry_label,19. Other Services (except Public Administration),2023,1. 5+ days a week,43,10987.274968,0.2192883059238368,0.06778030786863021,0.12773876596927217,0.35011459473850626,0.30909221348160565
industry_label,19. Other Services (except Public Administration),2023,2. 4 days a week,9,2348.562346,0.046873520617298166,0.02944038094400794,0.01636168793153142,0.1269417878380375,0.6280812824873088
industry_label,19. Other Services (except Public Administration),2023,3. 2-3 days a week,31,11893.6720435,0.23737853119369226,0.07380792596353691,0.13731162388338042,0.3783844798329338,0.3109292385978761
industry_label,19. Other Services (except Public Administration),2023,4. 1 day a week,10,6674.093115,0.13320414547499404,0.08128729405873476,0.04604228502117387,0.3285430372421049,0.6102459782229116
industry_label,19. Other Services (except Public Administration),2023,5. Less than weekly,44,18200.642356,0.36325549698031595,0.08444914491725515,0.23832786683982846,0.5098349269525545,0.23247864277145755
industry_label,"2. Mining, Quarrying, and Oil and Gas Extraction",2023,3. 2-3 days a week,3,3676.7093899999995,0.8393705833517365,0.12995147673710472,0.5169987273582004,0.9622788592277168,0.15482014656528512
industry_label,"2. Mining, Quarrying, and Oil and Gas Extraction",2023,4. 1 day a week,1,54.62899,0.0124714690067523,0.014604443215626184,0.0017923023810008849,0.08158054936980878,1.1710283053038137
industry_label,"2. Mining, Quarrying, and Oil and Gas Extraction",2023,5. Less than weekly,4,648.978804,0.14815794764156814,0.12447668105081665,0.03319520724105174,0.46837893024900745,0.8401620232480371
industry_label,20. Public Administration,2023,1. 5+ days a week,48,33542.026787,0.22321462194046535,0.059653265205063,0.14027754125471967,0.3360216408245248,0.2672462255674873
industry_label,20. Public Administration,2023,2. 4 days a week,38,20584.734191,0.13698676258793818,0.06402416455362984,0.06114414171625797,0.27895248821808616,0.4673748276409536
industry_label,20. Public Administration,2023,3. 2-3 days a week,121,53827.972535,0.3582130148401953,0.07282523742367403,0.2489481965248528,0.48449810642487784,0.2033014837726166
industry_label,20. Public Administration,2023,4. 1 day a week,16,3592.4764059999998,0.02390712010012499,0.011375105994148104,0.010865243535327201,0.05178399089820674,0.4758041096756206
industry_label,20. Public Administration,2023,5. Less than weekly,70,38720.843738999996,0.2576784809656061,0.06005778003802059,0.17156570319934317,0.36782278952599423,0.2330725476685687
industry_label,3. Utilities,2023,1. 5+ days a week,40,12030.64025,0.25068539366495085,0.09460487243562772,0.12747617051321736,0.4337763992679689,0.37738486097068025
industry_label,3. Utilities,2023,2. 4 days a week,8,2137.074828,0.044530751006391235,0.02953833713232744,0.01465711717572566,0.12741823061593996,0.6633244772379423
industry_label,3. Utilities,2023,3. 2-3 days a week,21,12906.961025,0.2689455040226327,0.10004213645007669,0.13740532033712582,0.45935273638837776,0.37197921122956495
industry_label,3. Utilities,2023,4. 1 day a week,6,5002.248766,0.10423308116389335,0.06913994286807419,0.03327200374762888,0.28233663253415797,0.6633205321769234
industry_label,3. Utilities,2023,5. Less than weekly,22,15914.065254000001,0.33160527058787936,0.10791037175168668,0.18215142275117613,0.5249721262060614,0.3254181441699647
industry_label,4. Construction,2023,1. 5+ days a week,20,13344.249669,0.1026246072811471,0.045016880450238154,0.048682932987202616,0.20354651594330095,0.4386558121183484
industry_label,4. Construction,2023,2. 4 days a week,6,564.799949,0.004343621739198094,0.0023424964715369205,0.0017864823763961688,0.010522421720238578,0.5392956873747908
industry_label,4. Construction,2023,3. 2-3 days a week,43,17995.958486,0.13839880235252808,0.04680188055408851,0.07767938294050623,0.23451263742341766,0.33816680316983677
industry_label,4. Construction,2023,4. 1 day a week,17,17234.983628,0.13254648782078135,0.06375090004765138,0.057827041721066876,0.2755737599801198,0.48097011920715843
industry_label,4. Construction,2023,5. Less than weekly,107,80889.735282,0.6220864808331413,0.06920035627514617,0.5035498170842287,0.7276293505728165,0.1112391257602452
industry_label,5. Manufacturing,2023,1. 5+ days a week,44,25386.593135,0.13907518231545565,0.03911842218525848,0.08623923854204321,0.2166084112655213,0.2812753615273254
industry_label,5. Manufacturing,2023,2. 4 days a week,19,11534.035526000001,0.06318682008936545,0.028696113141486325,0.029487405135887223,0.13023130872981967,0.45414713228013787
industry_label,5. Manufacturing,2023,3. 2-3 days a week,83,30899.5208765,0.16927661286197568,0.035627016712726084,0.11841409708057327,0.2361343868703919,0.21046626648759534
industry_label,5. Manufacturing,2023,4. 1 day a week,32,16472.5274225,0.09024132310988761,0.03822045628939123,0.04408584313373861,0.1758306887570399,0.423536080503273
industry_label,5. Manufacturing,2023,5. Less than weekly,146,98245.9522935,0.5382200616670545,0.05128277233820925,0.45357164720351467,0.6207206346347857,0.09528216428679505
industry_label,6. Wholesale Trade,2023,1. 5+ days a week,14,11979.732516,0.4579875263058492,0.1589453910360284,0.22762687175983976,0.707829532249181,0.34705179051073737
industry_label,6. Wholesale Trade,2023,2. 4 days a week,2,179.417764,0.006859176347551405,0.0053087719412160264,0.0019128004792754178,0.024285324988258382,0.7739663878318505
industry_label,6. Wholesale Trade,2023,3. 2-3 days a week,4,6353.06836,0.24287905082359146,0.1529905141659164,0.07546824934175453,0.5576565135805993,0.6299041174903013
industry_label,6. Wholesale Trade,2023,4. 1 day a week,3,617.16465,0.023594325749396138,0.017628348791480754,0.00681601253561584,0.07841335802866681,0.7471435708194343
industry_label,6. Wholesale Trade,2023,5. Less than weekly,13,7027.950323,0.2686799221798384,0.14679707936103245,0.0970608610560067,0.5566694752899897,0.5463641576566157
industry_label,7. Retail Trade,2023,1. 5+ days a week,41,12512.815685,0.09758086386814167,0.03555680859157195,0.052718323480279314,0.17362340839643098,0.36438300689384023
industry_label,7. Retail Trade,2023,2. 4 days a week,15,6622.848853,0.05164811250986975,0.03442427996344339,0.016849857712280383,0.14752775694539724,0.6665157406645799
industry_label,7. Retail Trade,2023,3. 2-3 days a week,47,14311.51687,0.11160798773076927,0.03293233124938375,0.06781166194817506,0.17828059875641164,0.2950714542835953
industry_label,7. Retail Trade,2023,4. 1 day a week,11,8567.37652,0.06681246070897023,0.04838345930235623,0.0195836639665574,0.20421566330413898,0.7241681984010547
industry_label,7. Retail Trade,2023,5. Less than weekly,123,86215.6625233,0.6723505755497253,0.07074594920831469,0.5474938952965674,0.7768011489943931,0.10522181698211769
industry_label,8. Transportation and Warehousing,2023,1. 5+ days a week,24,6187.626163,0.0607546819999468,0.037119749605649253,0.021703941033721124,0.15867143946333526,0.6109775968489434
industry_label,8. Transportation and Warehousing,2023,2. 4 days a week,17,6955.342858,0.06829269299172394,0.033986329937878194,0.02954415007370094,0.1500062893223909,0.49765690074627505
industry_label,8. Transportation and Warehousing,2023,3. 2-3 days a week,22,18754.788796,0.18414836308189408,0.0802025244941913,0.08575012116521122,0.3519873206923908,0.4355321065684618
industry_label,8. Transportation and Warehousing,2023,4. 1 day a week,9,936.695532,0.009197168296591061,0.0038288793547032016,0.004628798962917146,0.018191862650583375,0.41631067642008673
industry_label,8. Transportation and Warehousing,2023,5. Less than weekly,96,69011.62598699999,0.6776070949781803,0.0841481067257589,0.5272581784756448,0.7984206192732592,0.12418421729847524
industry_label,9. Information,2023,1. 5+ days a week,278,131543.97101583335,0.35997903972145906,0.04607972224897766,0.28813350675893534,0.43869899564386583,0.12800668140187485
industry_label,9. Information,2023,2. 4 days a week,69,35572.345687,0.09734614777995344,0.0250018016967206,0.06326143466987891,0.1469151703478156,0.2568340120991335
industry_label,9. Information,2023,3. 2-3 days a week,285,111716.946894,0.30572103920360966,0.04011423017527989,0.24395922351901053,0.37535590944979974,0.13121187301919343
industry_label,9. Information,2023,4. 1 day a week,50,26001.4610925,0.07115476994591917,0.02055663987418194,0.043908752067013904,0.1133037878694892,0.28890037716102396
industry_label,9. Information,2023,5. Less than weekly,93,60586.470717,0.1657990053084647,0.048582744678068314,0.10033296286818146,0.2615619973276973,0.2930219309077361
industry_label,NA,2023,1. 5+ days a week,305,124364.0389665,0.21680520531746592,0.02774768605542028,0.1746244259508016,0.26589250894018035,0.12798440892961768
industry_label,NA,2023,2. 4 days a week,68,16602.796067,0.02894383810661868,0.008234543717989158,0.01807495839105308,0.046041964329929796,0.284500752376242
industry_label,NA,2023,3. 2-3 days a week,233,112306.116294,0.19578449534835904,0.02869213731512274,0.1528241660159444,0.24729615652301865,0.14654958894508407
industry_label,NA,2023,4. 1 day a week,66,42560.8353503333,0.07419677524942302,0.022711505091696362,0.044453681993315244,0.12131387028567146,0.3060982773893934
industry_label,NA,2023,5. Less than weekly,327,277787.306898,0.48426968605065235,0.044122131915890525,0.41251996748729125,0.5566738010020382,0.09111066248172213
occupation_label,NA,2019,1. 5+ days a week,512,674391.4792647868,0.16422971340883402,0.017264805440334652,0.13776193687247862,0.1946347758694428,0.1051259548712454
occupation_label,NA,2019,2. 4 days a week,70,74223.50062203813,0.018075116027032656,0.00698998345959662,0.009538350274201728,0.03399003860786796,0.3867185941790133
occupation_label,NA,2019,3. 2-3 days a week,296,365662.8866636019,0.08904725750682162,0.013830181730563074,0.06876657419507966,0.11457324408203214,0.15531283183542838
occupation_label,NA,2019,4. 1 day a week,445,360080.8682427346,0.08768790771703484,0.012680662123446023,0.06894865922431322,0.1109134916278942,0.1446112976531038
occupation_label,NA,2019,5. Less than weekly,2448,2632032.643889771,0.640960006259503,0.02289972908878843,0.6024875380384302,0.6777008591209523,0.03572723549855481
occupation_label,1. Management,2023,1. 5+ days a week,174,74013.865171,0.25706936203218184,0.03932248360680249,0.1978230292299467,0.3268301436025489,0.15296448902331586
occupation_label,1. Management,2023,2. 4 days a week,55,21210.193942,0.0736685080841653,0.023287072639648108,0.04339636026670588,0.12235667559589836,0.3161062066445398
occupation_label,1. Management,2023,3. 2-3 days a week,191,82102.92802916667,0.28516477660751843,0.04051585555109752,0.22340276124871639,0.3561705551626573,0.14207875191703923
occupation_label,1. Management,2023,4. 1 day a week,45,17933.12391,0.06228639338949087,0.019607537900435422,0.03682894516517586,0.10345087462421572,0.31479648818041306
occupation_label,1. Management,2023,5. Less than weekly,148,92653.876805,0.3218109618101595,0.05182250686224398,0.24304300245079152,0.41220547616834646,0.16103400136137921
occupation_label,10. Healthcare Practitioners and Technical,2023,1. 5+ days a week,67,27196.806510333332,0.1162653000055767,0.030316007685620306,0.07490667249729839,0.1761122300795143,0.260748543926401
occupation_label,10. Healthcare Practitioners and Technical,2023,2. 4 days a week,18,4853.001527,0.020746394556695698,0.007342156181442516,0.01155600374231925,0.03697243220701219,0.353900344533499
occupation_label,10. Healthcare Practitioners and Technical,2023,3. 2-3 days a week,67,21150.553127,0.09041779978437314,0.027553519787172184,0.0541834222373769,0.14711441465949748,0.3047355703509857
occupation_label,10. Healthcare Practitioners and Technical,2023,4. 1 day a week,50,18549.022854,0.07929635974131549,0.02354852981054159,0.0482208780470992,0.12771098227072347,0.29696861101017463
occupation_label,10. Healthcare Practitioners and Technical,2023,5. Less than weekly,312,162170.852827,0.693274147692577,0.04674812141257211,0.6115488044168291,0.764428692924066,0.06743093128189447
occupation_label,11. Healthcare Support,2023,1. 5+ days a week,55,26706.460307999998,0.2326364772348291,0.07117560578210293,0.1359475953720699,0.36874530430137903,0.3059520442714428
occupation_label,11. Healthcare Support,2023,2. 4 days a week,14,2322.163784,0.02022806452303454,0.009986826690541439,0.008931634730778288,0.04516079437127578,0.49371143142088675
occupation_label,11. Healthcare Support,2023,3. 2-3 days a week,23,15323.237356,0.1334787142901628,0.06569246488707213,0.05706174077286586,0.28166404144800256,0.4921568598890345
occupation_label,11. Healthcare Support,2023,4. 1 day a week,12,4355.22417,0.03793778733318858,0.018185754732254682,0.01707727723159878,0.08215044655715993,0.4793572849290948
occupation_label,11. Healthcare Support,2023,5. Less than weekly,85,66092.02338433333,0.5757189577402556,0.08077071483072865,0.44059923422861386,0.7003945870046149,0.14029538847871253
occupation_label,12. Protective Service,2023,1. 5+ days a week,2,455.31666,0.022814327893956547,0.020872852024506085,0.0049793671733358545,0.09822403431789933,0.9149010271757884
occupation_label,12. Protective Service,2023,3. 2-3 days a week,3,172.444197,0.008640576546812028,0.006182404508742638,0.002651709466251411,0.027778531368642275,0.7155083315619325
occupation_label,12. Protective Service,2023,4. 1 day a week,1,78.67961,0.003942360512589077,0.004194302104034577,6.824732259052183e-4,0.022423952716935876,1.0639062791545775
occupation_label,12. Protective Service,2023,5. Less than weekly,19,19251.046867999998,0.9646027349425359,0.023855234090885014,0.8962067233263423,0.988506273910723,0.024730630783776637
occupation_label,13. Food Preparation and Serving Related,2023,1. 5+ days a week,13,3651.35172,0.02768352016847376,0.015273937662987626,0.011070913487139884,0.06752233679912198,0.5517339402660838
occupation_label,13. Food Preparation and Serving Related,2023,2. 4 days a week,2,3719.2966800000004,0.02819866008184687,0.02755704568318455,0.005518479481310337,0.13174299674210596,0.9772466352372762
occupation_label,13. Food Preparation and Serving Related,2023,3. 2-3 days a week,16,8162.4500815,0.06188539789438589,0.03061150257129286,0.026962516211648167,0.13573197827351133,0.4946482306461807
occupation_label,13. Food Preparation and Serving Related,2023,4. 1 day a week,5,1429.5182499999999,0.010838204681381969,0.007444344528799234,0.0034840671206476707,0.03319824994154503,0.6868614081063851
occupation_label,13. Food Preparation and Serving Related,2023,5. Less than weekly,107,114933.6052005,0.8713942182486945,0.044072414133031756,0.7801263094878226,0.9282612938389507,0.05057689529040869
occupation_label,14. Building and Grounds Cleaning and Maintenance,2023,1. 5+ days a week,6,915.930121,0.024623869262574802,0.018470553895548924,0.007074181971178643,0.08211060897419883,0.7501076982902055
occupation_label,14. Building and Grounds Cleaning and Maintenance,2023,3. 2-3 days a week,7,4395.1825579999995,0.11816010763816326,0.0840696442808632,0.03431634068119783,0.3356533234693985,0.7114892323753306
occupation_label,14. Building and Grounds Cleaning and Maintenance,2023,4. 1 day a week,3,8087.71853,0.2174302593632335,0.14725059658870182,0.06272010900972116,0.5356618559162895,0.6772313891357168
occupation_label,14. Building and Grounds Cleaning and Maintenance,2023,5. Less than weekly,26,23798.00862283333,0.6397857648236556,0.15215196049160307,0.37481212141700654,0.8403045968400369,0.2378170457317705
occupation_label,15. Personal Care and Service,2023,1. 5+ days a week,13,4903.612064999999,0.12201021623321026,0.07763448956747158,0.04047673756893189,0.3140287397799627,0.6362949920446093
occupation_label,15. Personal Care and Service,2023,2. 4 days a week,10,4227.748517,0.10519358054854615,0.07421555729880425,0.031133809128865,0.300739673821435,0.7055141284458347
occupation_label,15. Personal Care and Service,2023,3. 2-3 days a week,6,1153.9074845,0.028711182660991853,0.021985201204052212,0.008016314376876606,0.09757656815875361,0.7657365237664756
occupation_label,15. Personal Care and Service,2023,4. 1 day a week,2,1222.125191,0.030408555334576044,0.030676224551596833,0.005631671278659348,0.1479715169098826,1.0088024312262027
occupation_label,15. Personal Care and Service,2023,5. Less than weekly,42,28682.782749,0.7136764652227705,0.12117920306877764,0.48444853372158303,0.8686232767351121,0.1697957113255124
occupation_label,16. Sales and Related,2023,1. 5+ days a week,107,34691.240952,0.18763920353135916,0.04414311836022743,0.12544872131011292,0.271103058099599,0.23525530661746827
occupation_label,16. Sales and Related,2023,2. 4 days a week,20,4028.4151509999997,0.02178903347486398,0.009036542691213711,0.01096789590869295,0.042824237550090766,0.4147289369966018
occupation_label,16. Sales and Related,2023,3. 2-3 days a week,60,35258.391223,0.19070682710324008,0.04859829081314216,0.1230980683523808,0.2834455830798129,0.25483246484318695
occupation_label,16. Sales and Related,2023,4. 1 day a week,18,5359.397075000001,0.028988095290937793,0.011817415746437672,0.014743614306473902,0.056209674455842844,0.4076644438978373
occupation_label,16. Sales and Related,2023,5. Less than weekly,130,105545.2469663,0.570876841881412,0.060604490845532905,0.46965446483385825,0.6664985121896718,0.10616035964219801
occupation_label,17. Office and Administrative Support,2023,1. 5+ days a week,92,32274.7552025,0.17764515290136265,0.036138420169137875,0.12572229337449634,0.24500263566287875,0.20343037554874185
occupation_label,17. Office and Administrative Support,2023,2. 4 days a week,31,10172.482213,0.05599088658600432,0.018477934640551016,0.03229445740786365,0.09536140943621026,0.3300168253661807
occupation_label,17. Office and Administrative Support,2023,3. 2-3 days a week,76,34532.884343,0.19007423903114656,0.04363522754223501,0.1283304472656226,0.27224661943687245,0.22956939227879647
occupation_label,17. Office and Administrative Support,2023,4. 1 day a week,35,21360.05696,0.11756899659928759,0.03893905369850238,0.06703953748342065,0.19809710116015877,0.3312017183511315
occupation_label,17. Office and Administrative Support,2023,5. Less than weekly,115,83340.85606,0.4587207253723934,0.05718425719161901,0.3671752878557808,0.5531401877451008,0.12466028681219132
occupation_label,"18. Farming, Fishing, and Forestry",2023,1. 5+ days a week,4,349.71531,0.019616243394715197,0.01602537927631307,0.005054699651325879,0.07304678932341416,0.8169443534041008
occupation_label,"18. Farming, Fishing, and Forestry",2023,3. 2-3 days a week,4,4008.237505,0.22483019825908207,0.13625006619202387,0.0742074225039766,0.5120758285450654,0.6060131923871576
occupation_label,"18. Farming, Fishing, and Forestry",2023,4. 1 day a week,2,110.18245,0.006180357838169082,0.0055556053427969505,0.0014024797338086296,0.02679839569113843,0.8989132163976425
occupation_label,"18. Farming, Fishing, and Forestry",2023,5. Less than weekly,13,13359.707863,0.7493731992720319,0.1339213421713246,0.48057880895425314,0.9062147018118352,0.17871114459580434
occupation_label,19. Construction and Extraction,2023,1. 5+ days a week,7,2096.455082,0.04036398285770507,0.0254035023131487,0.014098652312824684,0.11009654708909217,0.6293606456702632
occupation_label,19. Construction and Extraction,2023,3. 2-3 days a week,12,7018.686286,0.13513389125859313,0.07872467832281543,0.04906096964420432,0.3212068529457143,0.582567981944421
occupation_label,19. Construction and Extraction,2023,4. 1 day a week,5,1545.7723270000001,0.029761442633495654,0.022885171165545844,0.00825966305326267,0.1015081027428469,0.7689536911019641
occupation_label,19. Construction and Extraction,2023,5. Less than weekly,54,41277.842972,0.7947406834645485,0.08511202225149471,0.6213894414585743,0.9013249392972809,0.10709407989592538
occupation_label,2. Business and Financial Operations,2023,1. 5+ days a week,238,123954.30453983333,0.37594793789849973,0.04755696941588497,0.30148450211072164,0.45677628286712935,0.12649881704823882
occupation_label,2. Business and Financial Operations,2023,2. 4 days a week,65,31468.680472,0.0954431197509054,0.03251539633950673,0.05373433010828294,0.16391830395529222,0.34067826391643363
occupation_label,2. Business and Financial Operations,2023,3. 2-3 days a week,195,96702.65007933333,0.29329487228818957,0.05641895717096313,0.20962210657380048,0.39372875280271313,0.19236257603414983
occupation_label,2. Business and Financial Operations,2023,4. 1 day a week,37,22435.934689,0.06804720023615198,0.022482502044891144,0.039155399908547765,0.11569068135148283,0.33039569544180436
occupation_label,2. Business and Financial Operations,2023,5. Less than weekly,98,55149.7866186,0.1672668701115611,0.03357619791612837,0.11902835422724252,0.22995211524131048,0.2007342989901959
occupation_label,"20. Installation, Maintenance, and Repair",2023,1. 5+ days a week,5,5384.695907,0.12524174847316263,0.08483141449735873,0.03851339846448145,0.338512744308594,0.6773413460890543
occupation_label,"20. Installation, Maintenance, and Repair",2023,2. 4 days a week,2,2064.86695,0.048026397711075426,0.04308582507041382,0.010591693033073816,0.192082355946802,0.8971279780260877
occupation_label,"20. Installation, Maintenance, and Repair",2023,3. 2-3 days a week,6,1379.63427,0.0320886850725181,0.02134415275628831,0.010590829478660616,0.09311718460474967,0.6651613398321581
occupation_label,"20. Installation, Maintenance, and Repair",2023,4. 1 day a week,3,139.6578705,0.0032482792327669487,0.0021529008711914785,0.0010902884574547718,0.00963634275285088,0.6627819583594096
occupation_label,"20. Installation, Maintenance, and Repair",2023,5. Less than weekly,46,34025.561582,0.79139488735607455,0.08550299108932223,0.6180694391440887,0.8989258401457482,0.10804086866794683
occupation_label,21. Production,2023,1. 5+ days a week,17,13444.998636,0.20292763946463152,0.09125825758078718,0.09143656936178678,0.3917474484199633,0.4497083680741907
occupation_label,21. Production,2023,2. 4 days a week,4,6301.29062,0.09510644560917762,0.06737876702945046,0.02817507340174564,0.2758975794452089,0.7084563679977177
occupation_label,21. Production,2023,3. 2-3 days a week,15,8399.870729,0.12678067044955804,0.06841030674994515,0.04991395195842727,0.28634457629446325,0.5395957168183885
occupation_label,21. Production,2023,4. 1 day a week,6,3629.4072,0.05477925700787881,0.033025489098637575,0.019892085935542217,0.14198830203228932,0.6028831149332233
occupation_label,21. Production,2023,5. Less than weekly,45,34479.57022,0.5204059876781415,0.10363585939797071,0.354022868217704,0.6823822179694888,0.19914424862856686
occupation_label,22. Transportation and Material Moving,2023,1. 5+ days a week,19,10778.715331,0.11287481005520152,0.0508761687661506,0.052276711351198484,0.2268994804708376,0.45073093581525914
occupation_label,22. Transportation and Material Moving,2023,2. 4 days a week,6,2308.029673,0.0241697087432963,0.013867085755742128,0.009327853102392857,0.06116880684158333,0.5737382234524566
occupation_label,22. Transportation and Material Moving,2023,3. 2-3 days a week,7,1867.2627810000001,0.01955399364752753,0.010882310688160878,0.0077784747521739365,0.04828843396457064,0.5565262464702126
occupation_label,22. Transportation and Material Moving,2023,4. 1 day a week,6,1313.5824129999999,0.013755847579870672,0.009524535740926984,0.004375540621956861,0.04238952525697441,0.6923990459784181
occupation_label,22. Transportation and Material Moving,2023,5. Less than weekly,69,79225.065403,0.8296456402671412,0.055089776424310545,0.71948571135001,0.9024126358544419,0.06640157405825932
occupation_label,23. Military Specific,2023,3. 2-3 days a week,5,1554.84993,0.0902721167466341,0.06499228081570024,0.02628318338679311,0.26728474788557366,0.7199596415592365
occupation_label,23. Military Specific,2023,5. Less than weekly,12,15669.183205,0.9097278832533657,0.06499228081570027,0.7327152521144262,0.9737168166132069,0.07144145190238108
occupation_label,3. Computer and Mathematical,2023,1. 5+ days a week,431,168959.6707645,0.31406990027130327,0.03355583512990966,0.2616533885204373,0.3717007167591625,0.10684193264277504
occupation_label,3. Computer and Mathematical,2023,2. 4 days a week,109,51757.066462,0.09620838293102178,0.018775300321567007,0.06944238899929847,0.1318295644569101,0.19515243630098505
occupation_label,3. Computer and Mathematical,2023,3. 2-3 days a week,403,164013.494604,0.30487572365831445,0.03302339498105992,0.25340725397539965,0.3617328726054617,0.10831756161100732
occupation_label,3. Computer and Mathematical,2023,4. 1 day a week,82,32162.246078,0.05978464193584067,0.015932921327024667,0.038359277113491796,0.09203174944657527,0.2665052563854688
occupation_label,3. Computer and Mathematical,2023,5. Less than weekly,158,121075.887155,0.2250613512203638,0.03925407232447265,0.16705346375368213,0.2960526830020115,0.17441498556559318
occupation_label,4. Architecture and Engineering,2023,1. 5+ days a week,132,68540.38257100001,0.24701053924514516,0.04544825331843544,0.17996532459539294,0.3290117816147431,0.18399317477433788
occupation_label,4. Architecture and Engineering,2023,2. 4 days a week,42,20902.037891,0.07532820124723098,0.025186603302602875,0.04300755614247706,0.12867234384411388,0.3343582202359932
occupation_label,4. Architecture and Engineering,2023,3. 2-3 days a week,202,78449.14141,0.28272040428553197,0.043616792104588714,0.2167298942644732,0.3595797049594882,0.15427535983762306
occupation_label,4. Architecture and Engineering,2023,4. 1 day a week,54,38618.3862055,0.13917559288483852,0.038211315620816755,0.0873184877296411,0.21458883979479634,0.27455471774016355
occupation_label,4. Architecture and Engineering,2023,5. Less than weekly,148,70969.640313,0.25576526448604336,0.03949519382614525,0.19632569708217365,0.32590311305191044,0.15441969379817966
occupation_label,"5. Life, Physical, and Social Science",2023,1. 5+ days a week,48,20912.278238,0.19994502110585105,0.05788250633560744,0.12111919101271819,0.3118677443996695,0.28949211145880144
occupation_label,"5. Life, Physical, and Social Science",2023,2. 4 days a week,20,3172.862012,0.030336147706451048,0.010993188285714302,0.01663646368944334,0.054689745380024135,0.36237917853282925
occupation_label,"5. Life, Physical, and Social Science",2023,3. 2-3 days a week,64,24247.304509,0.23183164233443956,0.05704504568749638,0.15123626810165744,0.3382601031777822,0.24606238006632153
occupation_label,"5. Life, Physical, and Social Science",2023,4. 1 day a week,31,6448.942108,0.06165917698624904,0.020929098046499464,0.03497378774177251,0.1064596062044941,0.3394320046011477
occupation_label,"5. Life, Physical, and Social Science",2023,5. Less than weekly,119,49808.755649,0.4762280120364149,0.09028505511348142,0.33390179610331205,0.622522967019935,0.1895836717529706
occupation_label,6. Community and Social Service,2023,1. 5+ days a week,38,9506.498399,0.10218444421008385,0.03967090998205643,0.05292423632504498,0.18818412534641515,0.3882284655822554
occupation_label,6. Community and Social Service,2023,2. 4 days a week,14,4207.5557850000005,0.04522661568802232,0.023002835890078798,0.019339028565566043,0.10215786176964113,0.5086128055381071
occupation_label,6. Community and Social Service,2023,3. 2-3 days a week,66,31451.864643,0.3380730918761639,0.08544563054860056,0.21416306839129562,0.4890581322555988,0.252743068294531
occupation_label,6. Community and Social Service,2023,4. 1 day a week,19,18835.616309333298,0.2024622423950649,0.10157428700102877,0.08273251520129395,0.416741319034433,0.5016949619812404
occupation_label,6. Community and Social Service,2023,5. Less than weekly,52,29031.20068,0.31205360591980813,0.08025926691194445,0.19693716857677618,0.45623140174753535,0.25719705008814914
occupation_label,7. Legal,2023,1. 5+ days a week,96,44988.675356,0.32596222950983356,0.06344672962196833,0.2312005571172894,0.43746302378346363,0.19464442158644116
occupation_label,7. Legal,2023,2. 4 days a week,24,22515.813732,0.16313671796811435,0.06886836022749539,0.07835603787620672,0.30890398873341895,0.42215119370585813
occupation_label,7. Legal,2023,3. 2-3 days a week,76,34681.305868999996,0.2512809212345025,0.060866981931424695,0.16465486465252852,0.3636420444716949,0.24222683374605225
occupation_label,7. Legal,2023,4. 1 day a week,24,10806.880822,0.07830048230347356,0.03646714527513614,0.03567790010875989,0.16322342995506853,0.4657333416389236
occupation_label,7. Legal,2023,5. Less than weekly,48,25025.386693,0.18131964949685306,0.0552816281209162,0.10716269255055283,0.2901185735192468,0.30488492711252263
occupation_label,8. Educational Instruction and Library,2023,1. 5+ days a week,72,27662.416085999997,0.08905157747293638,0.021126222989858598,0.05987916340253951,0.13046412787095427,0.2372358086107914
occupation_label,8. Educational Instruction and Library,2023,2. 4 days a week,10,2339.1778510000004,0.007530342865144659,0.0036895633095058895,0.0033569265938722657,0.016804770896571893,0.48995953777663914
occupation_label,8. Educational Instruction and Library,2023,3. 2-3 days a week,70,32370.466116,0.10420785597281773,0.02603845433105337,0.06848608353386194,0.15545244209794423,0.24987035850584446
occupation_label,8. Educational Instruction and Library,2023,4. 1 day a week,26,7706.532534,0.024809072235301884,0.010292931194016806,0.01247735432314926,0.04872719153652727,0.41488577631575263
occupation_label,8. Educational Instruction and Library,2023,5. Less than weekly,321,240555.05227133332,0.774401151494375,0.035027468645131066,0.7116704007117666,0.8268052650440909,0.04523168460885933
occupation_label,"9. Arts, Design, Entertainment, Sports, and Media",2023,1. 5+ days a week,165,35767.2305325,0.33964839587402196,0.06021560815735332,0.2485221247577831,0.444427283173158,0.17728806874650374
occupation_label,"9. Arts, Design, Entertainment, Sports, and Media",2023,2. 4 days a week,19,2286.601321,0.02171374354574639,0.009000876808584786,0.010933878438035734,0.042663192032254306,0.4145244135181845
occupation_label,"9. Arts, Design, Entertainment, Sports, and Media",2023,3. 2-3 days a week,79,23733.826615,0.225378258750393,0.049331905814758006,0.15453979586249442,0.3165310405852659,0.21888493632117914
occupation_label,"9. Arts, Design, Entertainment, Sports, and Media",2023,4. 1 day a week,13,2846.489887,0.027030488791100024,0.019165011317732576,0.008308470376235099,0.08435164967030338,0.7090146044285661
occupation_label,"9. Arts, Design, Entertainment, Sports, and Media",2023,5. Less than weekly,59,40672.489235,0.38622911305136165,0.07409842939298732,0.2734102402147854,0.5127489181330785,0.19185096847718347
occupation_label,NA,2023,1. 5+ days a week,279,138620.73673900001,0.27405073539051467,0.051532301424204674,0.1977732723451756,0.36631374739687944,0.18803927437294624
occupation_label,NA,2023,2. 4 days a week,50,18561.531360999998,0.036695818116877915,0.012953461313361815,0.020421915524635535,0.06507660250449733,0.35299557219584066
occupation_label,NA,2023,3. 2-3 days a week,160,63710.784237,0.1259550892969934,0.0231753703833485,0.09249839318199661,0.16925609644045153,0.18399709382685267
occupation_label,NA,2023,4. 1 day a week,61,24167.182354,0.04777809043882462,0.015058472950164534,0.02828539609219619,0.0796035838441551,0.3151752782888111
occupation_label,NA,2023,5. Less than weekly,327,260761.20213700001,0.5155202669383062,0.05205838503740414,0.43026288831659293,0.5998837346807655,0.10098222781148994
